timestamp,site,link,scenario,interface_util_pct,latency_ms,jitter_ms,packet_loss_pct,bgp_flaps_5m,ospf_events_5m,tunnel_rekeys_15m,error_rate_pct,queue_depth_pct,latency_delta,jitter_delta,loss_delta,util_rolling_mean,latency_rolling_mean,loss_rolling_mean,scenario_code,risk_label
2026-06-26 04:26:45.338230+00:00,branch-a,hub1-branch-a,steady_state,45.84,18.1,2.41,0.27,0,0,0,0.109,22.06,0.0,0.0,0.0,45.84,18.1,0.27,0,0
2026-06-26 04:27:15.338230+00:00,dc-core,hub1-dc-core,steady_state,47.35,18.35,2.63,0.21,0,0,0,0.067,21.03,0.25,0.21999999999999975,-0.060000000000000026,46.595,18.225,0.24,0,0
2026-06-26 04:27:45.338230+00:00,branch-a,hub1-branch-a,steady_state,42.16,18.8,2.97,0.36,0,0,0,0.068,21.54,0.4499999999999993,0.3400000000000003,0.15,45.11666666666667,18.416666666666668,0.27999999999999997,0,0
2026-06-26 04:28:15.338230+00:00,dc-core,hub1-dc-core,steady_state,46.86,18.03,3.21,0.41,0,0,0,0.077,18.93,-0.7699999999999996,0.23999999999999977,0.04999999999999999,45.5525,18.32,0.3125,0,0
2026-06-26 04:28:45.338230+00:00,branch-a,hub1-branch-a,steady_state,47.74,19.35,2.14,0.23,0,0,0,0.118,21.62,1.3200000000000003,-1.0699999999999998,-0.17999999999999997,45.989999999999995,18.526000000000003,0.296,0,0
2026-06-26 04:29:15.338230+00:00,dc-core,hub1-dc-core,steady_state,46.84,20.92,2.8,0.49,0,0,0,0.08,21.31,1.5700000000000003,0.6599999999999997,0.26,46.19,19.09,0.33999999999999997,0,0
2026-06-26 04:29:45.338230+00:00,branch-a,hub1-branch-a,steady_state,46.98,20.47,3.29,0.37,0,0,0,0.106,18.27,-0.45000000000000284,0.4900000000000002,-0.12,46.116,19.514000000000003,0.372,0,0
2026-06-26 04:30:15.338230+00:00,dc-core,hub1-dc-core,steady_state,43.37,19.16,2.12,0.27,0,0,0,0.058,19.67,-1.3099999999999987,-1.17,-0.09999999999999998,46.358000000000004,19.586000000000002,0.354,0,0
2026-06-26 04:30:45.338230+00:00,branch-a,hub1-branch-a,steady_state,45.81,19.46,2.56,0.26,0,0,0,0.071,23.62,0.3000000000000007,0.43999999999999995,-0.010000000000000009,46.148,19.872000000000003,0.324,0,0
2026-06-26 04:31:15.338230+00:00,dc-core,hub1-dc-core,steady_state,45.89,20.44,2.26,0.42,0,0,0,0.063,20.28,0.9800000000000004,-0.30000000000000027,0.15999999999999998,45.778,20.09,0.362,0,0
2026-06-26 04:31:45.338230+00:00,branch-a,hub1-branch-a,steady_state,47.94,20.56,2.84,0.41,0,0,0,0.117,22.66,0.11999999999999744,0.5800000000000001,-0.010000000000000009,45.998000000000005,20.018,0.346,0,0
2026-06-26 04:32:15.338230+00:00,dc-core,hub1-dc-core,steady_state,43.37,18.13,2.47,0.28,0,0,0,0.067,23.66,-2.4299999999999997,-0.36999999999999966,-0.12999999999999995,45.275999999999996,19.55,0.32799999999999996,0,0
2026-06-26 04:32:45.338230+00:00,branch-a,hub1-branch-a,steady_state,47.26,19.26,2.98,0.32,0,0,0,0.123,20.75,1.1300000000000026,0.5099999999999998,0.03999999999999998,46.053999999999995,19.57,0.338,0,0
2026-06-26 04:33:15.338230+00:00,dc-core,hub1-dc-core,steady_state,43.59,18.99,2.84,0.28,0,0,0,0.097,23.39,-0.2700000000000031,-0.14000000000000012,-0.03999999999999998,45.61,19.476,0.342,0,0
2026-06-26 04:33:45.338230+00:00,branch-a,hub1-branch-a,steady_state,44.4,18.88,3.5,0.35,0,0,0,0.057,18.28,-0.10999999999999943,0.6600000000000001,0.06999999999999995,45.312,19.163999999999998,0.32799999999999996,0,0
2026-06-26 04:34:15.338230+00:00,dc-core,hub1-dc-core,steady_state,42.66,20.51,3.19,0.33,0,0,0,0.055,20.29,1.6300000000000026,-0.31000000000000005,-0.019999999999999962,44.256,19.154,0.312,0,0
2026-06-26 04:34:45.338230+00:00,branch-a,hub1-branch-a,steady_state,47.98,20.12,3.46,0.46,0,0,0,0.051,22.32,-0.39000000000000057,0.27,0.13,45.178,19.552,0.348,0,0
2026-06-26 04:35:15.338230+00:00,dc-core,hub1-dc-core,steady_state,46.09,20.15,2.4,0.39,0,0,0,0.059,20.61,0.029999999999997584,-1.06,-0.07,44.944,19.73,0.362,0,0
2026-06-26 04:35:45.338230+00:00,branch-a,hub1-branch-a,steady_state,44.72,21.82,3.31,0.28,0,0,0,0.09,19.07,1.6700000000000017,0.9100000000000001,-0.10999999999999999,45.17,20.296,0.362,0,0
2026-06-26 04:36:15.338230+00:00,dc-core,hub1-dc-core,steady_state,47.48,21.48,2.45,0.39,0,0,0,0.099,18.92,-0.33999999999999986,-0.8599999999999999,0.10999999999999999,45.785999999999994,20.816,0.37,0,0
2026-06-26 04:36:45.338230+00:00,branch-a,hub1-branch-a,steady_state,46.58,20.16,3.17,0.36,0,0,0,0.05,19.94,-1.3200000000000003,0.7199999999999998,-0.030000000000000027,46.57,20.746,0.376,0,0
2026-06-26 04:37:15.338230+00:00,dc-core,hub1-dc-core,steady_state,42.12,21.72,3.32,0.45,0,0,0,0.075,18.35,1.5599999999999987,0.1499999999999999,0.09000000000000002,45.398,21.065999999999995,0.374,0,0
2026-06-26 04:37:45.338230+00:00,branch-a,hub1-branch-a,steady_state,47.27,21.79,2.13,0.35,0,0,0,0.056,22.56,0.07000000000000028,-1.19,-0.10000000000000003,45.634,21.394,0.366,0,0
2026-06-26 04:38:15.338230+00:00,dc-core,hub1-dc-core,steady_state,46.6,18.51,2.71,0.36,0,0,0,0.071,23.23,-3.2799999999999976,0.5800000000000001,0.010000000000000009,46.010000000000005,20.732000000000003,0.382,0,0
2026-06-26 04:38:45.338230+00:00,branch-a,hub1-branch-a,steady_state,44.54,18.85,2.81,0.42,0,0,0,0.066,19.87,0.33999999999999986,0.10000000000000009,0.06,45.422000000000004,20.206,0.388,0,0
2026-06-26 04:39:15.338230+00:00,dc-core,hub1-dc-core,steady_state,47.97,20.6,2.66,0.36,0,0,0,0.06,19.35,1.75,-0.1499999999999999,-0.06,45.7,20.294000000000004,0.388,0,0
2026-06-26 04:39:45.338230+00:00,branch-a,hub1-branch-a,steady_state,44.03,20.35,2.35,0.27,0,0,0,0.056,21.79,-0.25,-0.31000000000000005,-0.08999999999999997,46.082,20.02,0.352,0,0
2026-06-26 04:40:15.338230+00:00,dc-core,hub1-dc-core,steady_state,43.37,21.62,3.29,0.22,0,0,0,0.069,22.01,1.2699999999999996,0.94,-0.05000000000000002,45.302,19.986,0.326,0,0
2026-06-26 04:40:45.338230+00:00,branch-a,hub1-branch-a,steady_state,43.29,18.53,3.4,0.37,0,0,0,0.088,22.71,-3.09,0.10999999999999988,0.15,44.64,19.990000000000002,0.328,0,0
2026-06-26 04:41:15.338230+00:00,dc-core,hub1-dc-core,steady_state,46.84,18.76,2.15,0.33,0,0,0,0.084,20.8,0.23000000000000043,-1.25,-0.03999999999999998,45.1,19.972,0.31,0,0
2026-06-26 04:41:45.338230+00:00,branch-a,hub1-branch-a,steady_state,46.37,20.69,3.48,0.23,0,0,0,0.082,20.04,1.9299999999999997,1.33,-0.1,44.779999999999994,19.990000000000002,0.284,0,0
2026-06-26 04:42:15.338230+00:00,dc-core,hub1-dc-core,steady_state,47.17,18.99,2.29,0.33,0,0,0,0.084,19.67,-1.7000000000000028,-1.19,0.1,45.408,19.718,0.296,0,0
2026-06-26 04:42:45.338230+00:00,branch-a,hub1-branch-a,steady_state,43.5,21.69,2.66,0.46,0,0,0,0.094,18.3,2.700000000000003,0.3700000000000001,0.13,45.434000000000005,19.732,0.344,0,0
2026-06-26 04:43:15.338230+00:00,dc-core,hub1-dc-core,steady_state,48.0,21.34,3.45,0.48,0,0,0,0.118,19.0,-0.3500000000000014,0.79,0.019999999999999962,46.376,20.294,0.366,0,0
2026-06-26 04:43:45.338230+00:00,branch-a,hub1-branch-a,steady_state,44.91,18.85,2.6,0.22,0,0,0,0.08,23.91,-2.4899999999999984,-0.8500000000000001,-0.26,45.989999999999995,20.312,0.344,0,0
2026-06-26 04:44:15.338230+00:00,dc-core,hub1-dc-core,steady_state,43.59,21.14,2.68,0.33,0,0,0,0.127,23.97,2.289999999999999,0.08000000000000007,0.11000000000000001,45.434,20.402,0.364,0,0
2026-06-26 04:44:45.338230+00:00,branch-a,hub1-branch-a,steady_state,45.33,20.87,2.23,0.29,0,0,0,0.127,21.48,-0.2699999999999996,-0.4500000000000002,-0.040000000000000036,45.065999999999995,20.778000000000002,0.356,0,0
2026-06-26 04:45:15.338230+00:00,dc-core,hub1-dc-core,steady_state,45.25,20.99,2.09,0.38,0,0,0,0.09,23.12,0.11999999999999744,-0.14000000000000012,0.09000000000000002,45.416,20.638,0.33999999999999997,0,0
2026-06-26 04:45:45.338230+00:00,branch-a,hub1-branch-a,steady_state,42.94,21.84,2.12,0.26,0,0,0,0.098,22.05,0.8500000000000014,0.03000000000000025,-0.12,44.403999999999996,20.738,0.296,0,0
2026-06-26 04:46:15.338230+00:00,dc-core,hub1-dc-core,steady_state,43.41,18.48,3.34,0.27,0,0,0,0.098,21.72,-3.3599999999999994,1.2199999999999998,0.010000000000000009,44.104,20.663999999999998,0.306,0,0
2026-06-26 04:46:45.338230+00:00,branch-a,hub1-branch-a,steady_state,44.52,20.33,2.78,0.48,0,0,0,0.066,22.3,1.8499999999999979,-0.56,0.20999999999999996,44.29,20.502,0.33599999999999997,0,0
2026-06-26 04:47:15.338230+00:00,dc-core,hub1-dc-core,steady_state,43.43,19.58,3.01,0.29,0,0,0,0.075,22.51,-0.75,0.22999999999999998,-0.19,43.910000000000004,20.243999999999996,0.33599999999999997,0,0
2026-06-26 04:47:45.338230+00:00,branch-a,hub1-branch-a,steady_state,42.44,19.83,3.5,0.5,0,0,0,0.056,19.28,0.25,0.4900000000000002,0.21000000000000002,43.348,20.011999999999997,0.36,0,0
2026-06-26 04:48:15.338230+00:00,dc-core,hub1-dc-core,steady_state,43.59,21.73,3.32,0.46,0,0,0,0.08,18.95,1.9000000000000021,-0.18000000000000016,-0.03999999999999998,43.478,19.990000000000002,0.4,0,0
2026-06-26 04:48:45.338230+00:00,branch-a,hub1-branch-a,steady_state,47.0,20.81,2.92,0.5,0,0,0,0.102,18.05,-0.9200000000000017,-0.3999999999999999,0.03999999999999998,44.196000000000005,20.456,0.446,0,0
2026-06-26 04:49:15.338230+00:00,dc-core,hub1-dc-core,steady_state,46.9,19.2,3.0,0.48,0,0,0,0.061,18.69,-1.6099999999999994,0.08000000000000007,-0.020000000000000018,44.672000000000004,20.23,0.446,0,0
2026-06-26 04:49:45.338230+00:00,branch-a,hub1-branch-a,steady_state,42.64,20.21,2.41,0.38,0,0,0,0.107,19.22,1.0100000000000016,-0.5899999999999999,-0.09999999999999998,44.513999999999996,20.356,0.46399999999999997,0,0
2026-06-26 04:50:15.338230+00:00,dc-core,hub1-dc-core,steady_state,45.81,19.06,2.73,0.47,0,0,0,0.118,18.55,-1.1500000000000021,0.31999999999999984,0.08999999999999997,45.188,20.202,0.458,0,0
2026-06-26 04:50:45.338230+00:00,branch-a,hub1-branch-a,steady_state,44.54,19.11,2.01,0.43,0,0,0,0.101,19.57,0.05000000000000071,-0.7200000000000002,-0.03999999999999998,45.378,19.678,0.45199999999999996,0,0
2026-06-26 04:51:15.338230+00:00,dc-core,hub1-dc-core,steady_state,46.45,20.21,2.64,0.2,0,0,0,0.056,23.3,1.1000000000000014,0.6300000000000003,-0.22999999999999998,45.268,19.558,0.392,0,0
2026-06-26 04:51:45.338230+00:00,branch-a,hub1-branch-a,steady_state,47.42,20.18,3.25,0.37,0,0,0,0.062,18.76,-0.030000000000001137,0.6099999999999999,0.16999999999999998,45.372,19.754,0.37,0,0
2026-06-26 04:52:15.338230+00:00,dc-core,hub1-dc-core,steady_state,43.85,21.6,3.19,0.46,0,0,0,0.122,19.26,1.4200000000000017,-0.06000000000000005,0.09000000000000002,45.614000000000004,20.032,0.386,0,0
2026-06-26 04:52:45.338230+00:00,branch-a,hub1-branch-a,steady_state,43.5,18.41,3.17,0.47,0,0,0,0.083,21.72,-3.1900000000000013,-0.020000000000000018,0.009999999999999953,45.152,19.901999999999997,0.386,0,0
2026-06-26 04:53:15.338230+00:00,dc-core,hub1-dc-core,steady_state,42.93,21.72,3.3,0.49,0,0,0,0.115,23.29,3.3099999999999987,0.1299999999999999,0.020000000000000018,44.830000000000005,20.424,0.398,0,0
2026-06-26 04:53:45.338230+00:00,branch-a,hub1-branch-a,steady_state,42.15,20.95,2.5,0.48,0,0,0,0.114,23.18,-0.7699999999999996,-0.7999999999999998,-0.010000000000000009,43.97,20.572,0.454,0,0
2026-06-26 04:54:15.338230+00:00,dc-core,hub1-dc-core,steady_state,46.86,19.07,3.18,0.23,0,0,0,0.12,23.15,-1.879999999999999,0.6800000000000002,-0.24999999999999997,43.858000000000004,20.35,0.426,0,0
2026-06-26 04:54:45.338230+00:00,branch-a,hub1-branch-a,steady_state,43.33,21.27,2.69,0.29,0,0,0,0.114,19.37,2.1999999999999993,-0.4900000000000002,0.05999999999999997,43.754,20.284,0.392,0,0
2026-06-26 04:55:15.338230+00:00,dc-core,hub1-dc-core,steady_state,42.14,18.77,2.49,0.46,0,0,0,0.127,19.67,-2.5,-0.19999999999999973,0.17000000000000004,43.482,20.355999999999998,0.39,0,0
2026-06-26 04:55:45.338230+00:00,branch-a,hub1-branch-a,steady_state,45.85,19.6,3.47,0.36,0,0,0,0.125,18.69,0.8300000000000018,0.98,-0.10000000000000003,44.066,19.932000000000002,0.364,0,0
2026-06-26 04:56:15.338230+00:00,dc-core,hub1-dc-core,steady_state,47.82,18.71,3.44,0.28,0,0,0,0.059,20.61,-0.8900000000000006,-0.03000000000000025,-0.07999999999999996,45.2,19.484,0.32399999999999995,0,0
2026-06-26 04:56:45.338230+00:00,branch-a,hub1-branch-a,steady_state,46.37,19.25,2.91,0.35,0,0,0,0.081,21.46,0.5399999999999991,-0.5299999999999998,0.06999999999999995,45.102,19.52,0.348,0,1
2026-06-26 04:57:15.338230+00:00,dc-core,hub1-dc-core,steady_state,43.53,20.84,2.0,0.48,0,0,0,0.093,22.32,1.5899999999999999,-0.9100000000000001,0.13,45.142,19.434,0.386,0,1
2026-06-26 04:57:45.338230+00:00,branch-a,hub1-branch-a,steady_state,46.45,20.68,2.55,0.22,0,0,0,0.103,19.98,-0.16000000000000014,0.5499999999999998,-0.26,46.004,19.816000000000003,0.33799999999999997,0,1
2026-06-26 04:58:15.338230+00:00,dc-core,hub1-dc-core,steady_state,43.88,21.39,3.08,0.29,0,0,0,0.075,20.45,0.7100000000000009,0.5300000000000002,0.06999999999999998,45.61,20.174,0.324,0,1
2026-06-26 04:58:45.338230+00:00,branch-a,hub1-branch-a,steady_state,44.41,19.18,2.19,0.33,0,0,0,0.125,22.06,-2.210000000000001,-0.8900000000000001,0.040000000000000036,44.928000000000004,20.268,0.33399999999999996,0,1
2026-06-26 04:59:15.338230+00:00,dc-core,hub1-dc-core,steady_state,47.42,20.46,2.45,0.36,0,0,0,0.05,19.72,1.2800000000000011,0.26000000000000023,0.02999999999999997,45.138,20.51,0.33599999999999997,0,1
2026-06-26 04:59:45.338230+00:00,branch-a,hub1-branch-a,steady_state,44.58,20.32,2.98,0.34,0,0,0,0.085,19.28,-0.14000000000000057,0.5299999999999998,-0.019999999999999962,45.348,20.406,0.308,0,1
2026-06-26 05:00:15.338230+00:00,dc-core,hub1-dc-core,steady_state,44.84,21.6,3.19,0.25,0,0,0,0.057,21.09,1.2800000000000011,0.20999999999999996,-0.09000000000000002,45.026,20.589999999999996,0.31399999999999995,0,1
2026-06-26 05:00:45.338230+00:00,branch-a,hub1-branch-a,steady_state,45.8,19.34,3.23,0.43,0,0,0,0.104,19.35,-2.2600000000000016,0.040000000000000036,0.18,45.41,20.18,0.34199999999999997,0,1
2026-06-26 05:01:15.338230+00:00,dc-core,hub1-dc-core,steady_state,43.19,18.1,2.37,0.34,0,0,0,0.118,18.44,-1.2399999999999984,-0.8599999999999999,-0.08999999999999997,45.166,19.964000000000002,0.34400000000000003,0,1
2026-06-26 05:01:45.338230+00:00,branch-a,hub1-branch-a,progressive_congestion,44.49,20.52,2.29,0.41,0,0,0,0.09,19.46,2.419999999999998,-0.08000000000000007,0.06999999999999995,44.58,19.976000000000003,0.354,1,1
2026-06-26 05:02:15.338230+00:00,dc-core,hub1-dc-core,progressive_congestion,46.56,18.42,3.28,0.49,0,0,0,0.059,21.55,-2.099999999999998,0.9899999999999998,0.08000000000000002,44.976,19.596,0.384,1,1
2026-06-26 05:02:45.338230+00:00,branch-a,hub1-branch-a,progressive_congestion,44.31,22.63,3.08,0.34,0,0,0,0.07,25.09,4.209999999999997,-0.19999999999999973,-0.14999999999999997,44.87,19.802,0.40199999999999997,1,1
2026-06-26 05:03:15.338230+00:00,dc-core,hub1-dc-core,progressive_congestion,46.61,22.41,3.45,0.68,0,0,0,0.098,26.7,-0.21999999999999886,0.3700000000000001,0.34,45.032000000000004,20.416000000000004,0.45199999999999996,1,1
2026-06-26 05:03:45.338230+00:00,branch-a,hub1-branch-a,progressive_congestion,49.85,22.05,3.68,0.6,0,0,0,0.116,25.29,-0.35999999999999943,0.22999999999999998,-0.08000000000000007,46.364000000000004,21.206,0.504,1,1
2026-06-26 05:04:15.338230+00:00,dc-core,hub1-dc-core,progressive_congestion,50.51,22.97,3.46,0.59,0,0,0,0.07,26.83,0.9199999999999982,-0.2200000000000002,-0.010000000000000009,47.568,21.696,0.54,1,1
2026-06-26 05:04:45.338230+00:00,branch-a,hub1-branch-a,progressive_congestion,50.34,22.49,3.84,0.66,0,0,0,0.056,25.71,-0.4800000000000004,0.3799999999999999,0.07000000000000006,48.324,22.509999999999998,0.5740000000000001,1,1
2026-06-26 05:05:15.338230+00:00,dc-core,hub1-dc-core,progressive_congestion,48.01,22.08,3.86,0.68,0,0,0,0.069,29.16,-0.41000000000000014,0.020000000000000018,0.020000000000000018,49.064,22.4,0.642,1,1
2026-06-26 05:05:45.338230+00:00,branch-a,hub1-branch-a,progressive_congestion,51.24,21.46,3.81,0.86,0,0,0,0.083,27.24,-0.6199999999999974,-0.04999999999999982,0.17999999999999994,49.989999999999995,22.21,0.678,1,1
2026-06-26 05:06:15.338230+00:00,dc-core,hub1-dc-core,progressive_congestion,50.15,25.22,4.23,0.97,0,0,0,0.119,31.59,3.759999999999998,0.4200000000000004,0.10999999999999999,50.05,22.844,0.752,1,1
2026-06-26 05:06:45.338230+00:00,branch-a,hub1-branch-a,progressive_congestion,50.53,22.02,4.03,1.05,0,0,0,0.118,33.72,-3.1999999999999993,-0.20000000000000018,0.08000000000000007,50.054,22.654,0.844,1,1
2026-06-26 05:07:15.338230+00:00,dc-core,hub1-dc-core,progressive_congestion,51.39,25.39,4.47,1.07,0,0,0,0.068,30.32,3.370000000000001,0.4399999999999995,0.020000000000000018,50.263999999999996,23.234,0.9259999999999999,1,1
2026-06-26 05:07:45.338230+00:00,branch-a,hub1-branch-a,progressive_congestion,52.12,22.92,4.3,1.15,0,0,0,0.082,30.99,-2.469999999999999,-0.16999999999999993,0.07999999999999985,51.086,23.402,1.02,1,1
2026-06-26 05:08:15.338230+00:00,dc-core,hub1-dc-core,progressive_congestion,52.93,23.71,4.88,1.02,0,0,0,0.082,34.39,0.7899999999999991,0.5800000000000001,-0.1299999999999999,51.424,23.852,1.052,1,1
2026-06-26 05:08:45.338230+00:00,branch-a,hub1-branch-a,progressive_congestion,50.91,26.17,4.3,1.21,0,0,0,0.054,34.27,2.460000000000001,-0.5800000000000001,0.18999999999999995,51.576,24.041999999999998,1.1,1,1
2026-06-26 05:09:15.338230+00:00,dc-core,hub1-dc-core,progressive_congestion,52.64,25.31,5.39,1.25,0,0,0,0.11,37.99,-0.860000000000003,1.0899999999999999,0.040000000000000036,51.998000000000005,24.7,1.1400000000000001,1,1
2026-06-26 05:09:45.338230+00:00,branch-a,hub1-branch-a,progressive_congestion,53.51,24.73,4.43,1.36,0,0,0,0.13,36.1,-0.5799999999999983,-0.96,0.1100000000000001,52.422000000000004,24.568,1.198,1,1
2026-06-26 05:10:15.338230+00:00,dc-core,hub1-dc-core,progressive_congestion,56.53,27.92,5.53,1.49,0,0,0,0.126,36.2,3.1900000000000013,1.1000000000000005,0.1299999999999999,53.303999999999995,25.568,1.266,1,1
2026-06-26 05:10:45.338230+00:00,branch-a,hub1-branch-a,progressive_congestion,53.37,25.81,4.89,1.53,0,0,0,0.095,37.31,-2.110000000000003,-0.6400000000000006,0.040000000000000036,53.391999999999996,25.988,1.3679999999999999,1,1
2026-06-26 05:11:15.338230+00:00,dc-core,hub1-dc-core,progressive_congestion,58.07,28.67,5.1,1.57,0,0,0,0.11,37.69,2.860000000000003,0.20999999999999996,0.040000000000000036,54.824,26.488,1.44,1,1
2026-06-26 05:11:45.338230+00:00,branch-a,hub1-branch-a,progressive_congestion,59.42,29.86,5.16,1.46,0,0,0,0.075,42.06,1.1899999999999977,0.0600000000000005,-0.1100000000000001,56.17999999999999,27.398000000000003,1.482,1,1
2026-06-26 05:12:15.338230+00:00,dc-core,hub1-dc-core,progressive_congestion,60.87,27.99,6.22,1.54,0,0,0,0.105,42.76,-1.870000000000001,1.0599999999999996,0.08000000000000007,57.652,28.05,1.5180000000000002,1,1
2026-06-26 05:12:45.338230+00:00,branch-a,hub1-branch-a,progressive_congestion,56.36,29.89,6.58,1.76,0,0,0,0.06,45.9,1.9000000000000021,0.3600000000000003,0.21999999999999997,57.617999999999995,28.444,1.572,1,1
2026-06-26 05:13:15.338230+00:00,dc-core,hub1-dc-core,progressive_congestion,61.07,28.59,6.09,1.75,0,0,0,0.09,43.05,-1.3000000000000007,-0.4900000000000002,-0.010000000000000009,59.158,29.0,1.616,1,1
2026-06-26 05:13:45.338230+00:00,branch-a,hub1-branch-a,progressive_congestion,62.1,30.89,5.76,1.99,0,0,0,0.101,46.97,2.3000000000000007,-0.33000000000000007,0.24,59.964,29.444,1.7,1,1
2026-06-26 05:14:15.338230+00:00,dc-core,hub1-dc-core,progressive_congestion,61.87,29.74,6.85,2.05,0,0,0,0.072,47.85,-1.1500000000000021,1.0899999999999999,0.05999999999999983,60.45399999999999,29.419999999999998,1.818,1,1
2026-06-26 05:14:45.338230+00:00,branch-a,hub1-branch-a,progressive_congestion,61.48,30.33,6.55,2.04,0,0,0,0.071,49.11,0.5899999999999999,-0.2999999999999998,-0.009999999999999787,60.576,29.887999999999998,1.918,1,1
2026-06-26 05:15:15.338230+00:00,dc-core,hub1-dc-core,progressive_congestion,63.86,29.15,7.37,1.96,0,0,0,0.087,48.66,-1.1799999999999997,0.8200000000000003,-0.08000000000000007,62.076,29.74,1.9579999999999997,1,1
2026-06-26 05:15:45.338230+00:00,branch-a,hub1-branch-a,progressive_congestion,61.77,29.31,7.48,2.0,0,0,0,0.067,50.79,0.16000000000000014,0.11000000000000032,0.040000000000000036,62.21600000000001,29.883999999999997,2.008,1,1
2026-06-26 05:16:15.338230+00:00,dc-core,hub1-dc-core,progressive_congestion,62.17,33.12,7.4,2.1,0,0,0,0.051,52.69,3.8099999999999987,-0.08000000000000007,0.10000000000000009,62.23,30.330000000000002,2.0300000000000002,1,1
2026-06-26 05:16:45.338230+00:00,branch-a,hub1-branch-a,progressive_congestion,61.26,32.88,7.23,2.3,0,0,0,0.105,51.88,-0.23999999999999488,-0.16999999999999993,0.19999999999999973,62.10799999999999,30.958,2.08,1,1
2026-06-26 05:17:15.338230+00:00,dc-core,hub1-dc-core,progressive_congestion,64.32,33.57,6.79,2.2,0,0,0,0.105,50.84,0.6899999999999977,-0.4400000000000004,-0.09999999999999964,62.676,31.606,2.112,1,1
2026-06-26 05:17:45.338230+00:00,branch-a,hub1-branch-a,progressive_congestion,65.49,32.69,7.6,2.33,0,0,0,0.11,51.98,-0.8800000000000026,0.8099999999999996,0.1299999999999999,63.001999999999995,32.314,2.1860000000000004,1,1
2026-06-26 05:18:15.338230+00:00,dc-core,hub1-dc-core,progressive_congestion,66.84,32.28,7.33,2.3,0,0,0,0.065,51.72,-0.4099999999999966,-0.2699999999999996,-0.03000000000000025,64.01599999999999,32.908,2.2459999999999996,1,1
2026-06-26 05:18:45.338230+00:00,branch-a,hub1-branch-a,progressive_congestion,66.47,34.65,7.38,2.39,0,0,0,0.089,56.35,2.3699999999999974,0.04999999999999982,0.0900000000000003,64.876,33.214,2.304,1,1
2026-06-26 05:19:15.338230+00:00,dc-core,hub1-dc-core,progressive_congestion,69.73,34.1,7.67,2.42,0,0,0,0.066,54.36,-0.5499999999999972,0.29000000000000004,0.029999999999999805,66.57000000000001,33.458000000000006,2.3280000000000003,1,1
2026-06-26 05:19:45.338230+00:00,branch-a,hub1-branch-a,progressive_congestion,65.58,32.46,8.2,2.53,0,0,0,0.128,57.32,-1.6400000000000006,0.5299999999999994,0.10999999999999988,66.822,33.236000000000004,2.3939999999999997,1,1
2026-06-26 05:20:15.338230+00:00,dc-core,hub1-dc-core,progressive_congestion,69.31,33.31,8.85,2.66,0,0,0,0.12,58.44,0.8500000000000014,0.6500000000000004,0.13000000000000034,67.586,33.36,2.46,1,1
2026-06-26 05:20:45.338230+00:00,branch-a,hub1-branch-a,progressive_congestion,68.57,34.96,7.98,2.59,0,0,0,0.125,58.87,1.6499999999999986,-0.8699999999999992,-0.07000000000000028,67.932,33.896,2.518,1,1
2026-06-26 05:21:15.338230+00:00,dc-core,hub1-dc-core,progressive_congestion,71.31,35.2,7.96,2.83,0,0,0,0.054,57.9,0.240000000000002,-0.020000000000000462,0.2400000000000002,68.9,34.006,2.606,1,0
2026-06-26 05:21:45.338230+00:00,branch-a,hub1-branch-a,steady_state,45.38,19.22,3.49,0.24,0,0,0,0.111,21.64,-15.980000000000004,-4.47,-2.59,64.03,31.03,2.17,0,0
2026-06-26 05:22:15.338230+00:00,dc-core,hub1-dc-core,steady_state,46.74,18.9,2.78,0.34,0,0,0,0.085,23.16,-0.3200000000000003,-0.7100000000000004,0.10000000000000003,60.262,28.318,1.732,0,0
2026-06-26 05:22:45.338230+00:00,branch-a,hub1-branch-a,steady_state,47.94,19.22,2.93,0.38,0,0,0,0.109,23.69,0.3200000000000003,0.15000000000000036,0.03999999999999998,55.988,25.5,1.2760000000000002,0,0
2026-06-26 05:23:15.338230+00:00,dc-core,hub1-dc-core,steady_state,43.25,18.84,2.99,0.25,0,0,0,0.064,18.45,-0.379999999999999,0.06000000000000005,-0.13,50.924,22.276,0.808,0,0
2026-06-26 05:23:45.338230+00:00,branch-a,hub1-branch-a,steady_state,42.02,19.8,2.89,0.29,0,0,0,0.069,22.24,0.9600000000000009,-0.10000000000000009,0.03999999999999998,45.065999999999995,19.196,0.3,0,0
2026-06-26 05:24:15.338230+00:00,dc-core,hub1-dc-core,steady_state,46.22,19.82,3.03,0.48,0,0,0,0.113,21.75,0.019999999999999574,0.13999999999999968,0.19,45.233999999999995,19.315999999999995,0.348,0,0
2026-06-26 05:24:45.338230+00:00,branch-a,hub1-branch-a,steady_state,45.97,21.73,2.64,0.36,0,0,0,0.102,23.45,1.9100000000000001,-0.3899999999999997,-0.12,45.08,19.881999999999998,0.352,0,0
2026-06-26 05:25:15.338230+00:00,dc-core,hub1-dc-core,steady_state,46.96,18.29,2.25,0.29,0,0,0,0.11,21.42,-3.4400000000000013,-0.3900000000000001,-0.07,44.884,19.696,0.33399999999999996,0,0
2026-06-26 05:25:45.338230+00:00,branch-a,hub1-branch-a,steady_state,43.73,18.5,3.03,0.41,0,0,0,0.125,21.0,0.21000000000000085,0.7799999999999998,0.12,44.980000000000004,19.628,0.366,0,0
2026-06-26 05:26:15.338230+00:00,dc-core,hub1-dc-core,steady_state,44.96,18.32,2.06,0.33,0,0,0,0.076,19.5,-0.17999999999999972,-0.9699999999999998,-0.07999999999999996,45.568,19.332,0.374,0,0
2026-06-26 05:26:45.338230+00:00,branch-a,hub1-branch-a,steady_state,42.55,21.85,3.25,0.37,0,0,0,0.126,24.0,3.530000000000001,1.19,0.03999999999999998,44.834,19.738000000000003,0.352,0,0
2026-06-26 05:27:15.338230+00:00,dc-core,hub1-dc-core,steady_state,46.03,19.08,2.06,0.43,0,0,0,0.088,21.91,-2.770000000000003,-1.19,0.06,44.846000000000004,19.208000000000002,0.366,0,0
2026-06-26 05:27:45.338230+00:00,branch-a,hub1-branch-a,steady_state,47.5,18.73,2.88,0.39,0,0,0,0.089,18.55,-0.34999999999999787,0.8199999999999998,-0.03999999999999998,44.95399999999999,19.296,0.386,0,0
2026-06-26 05:28:15.338230+00:00,dc-core,hub1-dc-core,steady_state,44.09,19.33,3.01,0.46,0,0,0,0.076,22.16,0.5999999999999979,0.1299999999999999,0.07,45.025999999999996,19.462,0.396,0,0
2026-06-26 05:28:45.338230+00:00,branch-a,hub1-branch-a,steady_state,43.73,21.78,3.22,0.37,0,0,0,0.086,19.89,2.450000000000003,0.2100000000000004,-0.09000000000000002,44.78,20.154000000000003,0.404,0,0
2026-06-26 05:29:15.338230+00:00,dc-core,hub1-dc-core,steady_state,43.94,21.88,2.61,0.35,0,0,0,0.129,21.95,0.09999999999999787,-0.6100000000000003,-0.020000000000000018,45.05800000000001,20.16,0.4,0,0
2026-06-26 05:29:45.338230+00:00,branch-a,hub1-branch-a,steady_state,45.26,19.65,2.28,0.31,0,0,0,0.111,21.75,-2.2300000000000004,-0.33000000000000007,-0.03999999999999998,44.903999999999996,20.273999999999997,0.376,0,0
2026-06-26 05:30:15.338230+00:00,dc-core,hub1-dc-core,steady_state,46.56,18.81,2.82,0.48,0,0,0,0.085,22.19,-0.8399999999999999,0.54,0.16999999999999998,44.715999999999994,20.29,0.39399999999999996,0,0
2026-06-26 05:30:45.338230+00:00,branch-a,hub1-branch-a,steady_state,42.73,21.89,2.91,0.27,0,0,0,0.063,21.31,3.080000000000002,0.0900000000000003,-0.20999999999999996,44.444,20.802,0.356,0,0
2026-06-26 05:31:15.338230+00:00,dc-core,hub1-dc-core,steady_state,45.31,18.37,3.49,0.47,0,0,0,0.087,18.7,-3.5199999999999996,0.5800000000000001,0.19999999999999996,44.76,20.119999999999997,0.376,0,0
2026-06-26 05:31:45.338230+00:00,branch-a,hub1-branch-a,steady_state,46.99,19.99,3.07,0.35,0,0,0,0.072,23.01,1.6199999999999974,-0.4200000000000004,-0.12,45.37,19.741999999999997,0.376,0,1
2026-06-26 05:32:15.338230+00:00,dc-core,hub1-dc-core,steady_state,47.88,18.97,2.83,0.32,0,0,0,0.124,21.05,-1.0199999999999996,-0.23999999999999977,-0.02999999999999997,45.894,19.606,0.378,0,1
2026-06-26 05:32:45.338230+00:00,branch-a,hub1-branch-a,steady_state,47.28,21.46,2.41,0.44,0,0,0,0.083,23.61,2.490000000000002,-0.41999999999999993,0.12,46.038,20.136000000000003,0.37,0,1
2026-06-26 05:33:15.338230+00:00,dc-core,hub1-dc-core,steady_state,45.05,21.28,2.42,0.29,0,0,0,0.097,23.99,-0.17999999999999972,0.009999999999999787,-0.15000000000000002,46.502,20.014,0.374,0,1
2026-06-26 05:33:45.338230+00:00,branch-a,hub1-branch-a,steady_state,44.94,18.59,2.81,0.3,0,0,0,0.094,21.26,-2.6900000000000013,0.3900000000000001,0.010000000000000009,46.428000000000004,20.058,0.33999999999999997,0,1
2026-06-26 05:34:15.338230+00:00,dc-core,hub1-dc-core,steady_state,44.73,19.29,2.28,0.41,0,0,0,0.096,19.4,0.6999999999999993,-0.5300000000000002,0.10999999999999999,45.976,19.918,0.352,0,1
2026-06-26 05:34:45.338230+00:00,branch-a,hub1-branch-a,steady_state,46.65,18.17,3.12,0.41,0,0,0,0.115,20.32,-1.1199999999999974,0.8400000000000003,0.0,45.730000000000004,19.758000000000003,0.37,0,1
2026-06-26 05:35:15.338230+00:00,dc-core,hub1-dc-core,steady_state,45.98,21.28,3.47,0.35,0,0,0,0.053,21.01,3.1099999999999994,0.3500000000000001,-0.06,45.47,19.722,0.352,0,1
2026-06-26 05:35:45.338230+00:00,branch-a,hub1-branch-a,steady_state,45.54,21.48,3.31,0.33,0,0,0,0.092,20.74,0.1999999999999993,-0.16000000000000014,-0.019999999999999962,45.568,19.762,0.36,0,1
2026-06-26 05:36:15.338230+00:00,dc-core,hub1-dc-core,steady_state,46.33,19.64,2.98,0.25,0,0,0,0.088,23.82,-1.8399999999999999,-0.33000000000000007,-0.08000000000000002,45.846,19.972,0.35,0,1
2026-06-26 05:36:45.338230+00:00,branch-a,hub1-branch-a,bgp_route_flap,44.03,31.81,7.61,0.46,2,0,0,0.118,41.16,12.169999999999998,4.630000000000001,0.21000000000000002,45.706,22.476,0.36,1,1
2026-06-26 05:37:15.338230+00:00,dc-core,hub1-dc-core,bgp_route_flap,46.31,36.41,9.3,0.21,1,0,0,0.055,39.79,4.599999999999998,1.6900000000000004,-0.25,45.638,26.124000000000002,0.32,1,1
2026-06-26 05:37:45.338230+00:00,branch-a,hub1-branch-a,bgp_route_flap,46.48,33.29,7.95,0.39,1,0,0,0.12,38.66,-3.1199999999999974,-1.3500000000000005,0.18000000000000002,45.738,28.526,0.32799999999999996,1,1
2026-06-26 05:38:15.338230+00:00,dc-core,hub1-dc-core,bgp_route_flap,42.28,33.71,8.03,0.31,1,0,0,0.062,39.19,0.4200000000000017,0.07999999999999918,-0.08000000000000002,45.086,30.972,0.324,1,1
2026-06-26 05:38:45.338230+00:00,branch-a,hub1-branch-a,bgp_route_flap,43.02,27.46,8.23,0.39,1,0,0,0.069,41.48,-6.25,0.20000000000000107,0.08000000000000002,44.424,32.535999999999994,0.352,1,1
2026-06-26 05:39:15.338230+00:00,dc-core,hub1-dc-core,bgp_route_flap,43.52,28.29,6.9,0.44,1,0,0,0.122,40.07,0.8299999999999983,-1.33,0.04999999999999999,44.322,31.831999999999994,0.348,1,1
2026-06-26 05:39:45.338230+00:00,branch-a,hub1-branch-a,bgp_route_flap,44.07,29.94,7.73,0.33,2,0,0,0.07,41.07,1.6500000000000021,0.8300000000000001,-0.10999999999999999,43.874,30.538,0.372,1,1
2026-06-26 05:40:15.338230+00:00,dc-core,hub1-dc-core,bgp_route_flap,44.9,34.77,8.17,0.37,1,0,0,0.129,37.77,4.830000000000002,0.4399999999999995,0.03999999999999998,43.55800000000001,30.834000000000003,0.368,1,1
2026-06-26 05:40:45.338230+00:00,branch-a,hub1-branch-a,bgp_route_flap,43.65,32.24,8.84,0.42,1,0,0,0.054,39.64,-2.530000000000001,0.6699999999999999,0.04999999999999999,43.832,30.540000000000003,0.39,1,1
2026-06-26 05:41:15.338230+00:00,dc-core,hub1-dc-core,bgp_route_flap,43.72,34.62,8.35,0.31,1,0,0,0.101,39.73,2.3799999999999955,-0.4900000000000002,-0.10999999999999999,43.971999999999994,31.972,0.374,1,1
2026-06-26 05:41:45.338230+00:00,branch-a,hub1-branch-a,bgp_route_flap,45.96,32.88,8.1,0.47,1,0,0,0.102,37.85,-1.7399999999999949,-0.25,0.15999999999999998,44.459999999999994,32.89,0.38,1,1
2026-06-26 05:42:15.338230+00:00,dc-core,hub1-dc-core,bgp_route_flap,46.39,30.68,8.39,0.42,1,0,0,0.064,36.79,-2.200000000000003,0.2900000000000009,-0.04999999999999999,44.924,33.038,0.398,1,1
2026-06-26 05:42:45.338230+00:00,branch-a,hub1-branch-a,bgp_route_flap,45.19,36.11,8.74,0.28,2,0,0,0.116,38.89,5.43,0.34999999999999964,-0.13999999999999996,44.982000000000006,33.306,0.38,1,1
2026-06-26 05:43:15.338230+00:00,dc-core,hub1-dc-core,bgp_route_flap,44.03,32.25,9.4,0.24,1,0,0,0.127,41.16,-3.8599999999999994,0.6600000000000001,-0.040000000000000036,45.05800000000001,33.308,0.344,1,1
2026-06-26 05:43:45.338230+00:00,branch-a,hub1-branch-a,bgp_route_flap,47.8,32.86,7.89,0.44,1,0,0,0.051,39.22,0.6099999999999994,-1.5100000000000007,0.2,45.874,32.956,0.37,1,1
2026-06-26 05:44:15.338230+00:00,dc-core,hub1-dc-core,bgp_route_flap,46.03,28.54,9.0,0.48,1,0,0,0.059,37.4,-4.32,1.1100000000000003,0.03999999999999998,45.888,32.088,0.372,1,1
2026-06-26 05:44:45.338230+00:00,branch-a,hub1-branch-a,bgp_route_flap,45.37,32.08,7.15,0.22,1,0,0,0.116,41.46,3.539999999999999,-1.8499999999999996,-0.26,45.684000000000005,32.367999999999995,0.33199999999999996,1,1
2026-06-26 05:45:15.338230+00:00,dc-core,hub1-dc-core,bgp_route_flap,42.84,30.87,7.36,0.35,1,0,0,0.058,41.32,-1.2099999999999973,0.20999999999999996,0.12999999999999998,45.214000000000006,31.32,0.346,1,1
2026-06-26 05:45:45.338230+00:00,branch-a,hub1-branch-a,bgp_route_flap,46.02,32.29,7.62,0.33,2,0,0,0.109,36.93,1.4199999999999982,0.2599999999999998,-0.019999999999999962,45.612,31.327999999999996,0.364,1,1
2026-06-26 05:46:15.338230+00:00,dc-core,hub1-dc-core,bgp_route_flap,44.94,35.24,9.14,0.21,1,0,0,0.08,38.66,2.950000000000003,1.5200000000000005,-0.12000000000000002,45.04,31.804000000000002,0.318,1,1
2026-06-26 05:46:45.338230+00:00,branch-a,hub1-branch-a,bgp_route_flap,42.6,30.26,7.06,0.49,1,0,0,0.079,38.39,-4.98,-2.080000000000001,0.28,44.354,32.148,0.32,1,1
2026-06-26 05:47:15.338230+00:00,dc-core,hub1-dc-core,bgp_route_flap,47.09,34.11,7.48,0.39,1,0,0,0.098,36.13,3.849999999999998,0.4200000000000008,-0.09999999999999998,44.698,32.553999999999995,0.354,1,1
2026-06-26 05:47:45.338230+00:00,branch-a,hub1-branch-a,bgp_route_flap,42.76,35.22,6.76,0.43,1,0,0,0.067,37.3,1.1099999999999994,-0.7200000000000006,0.03999999999999998,44.682,33.424,0.37,1,1
2026-06-26 05:48:15.338230+00:00,dc-core,hub1-dc-core,bgp_route_flap,42.89,31.61,6.35,0.46,1,0,0,0.062,36.78,-3.6099999999999994,-0.41000000000000014,0.030000000000000027,44.056,33.288,0.396,1,1
2026-06-26 05:48:45.338230+00:00,branch-a,hub1-branch-a,bgp_route_flap,45.97,27.5,6.13,0.44,2,0,0,0.069,37.94,-4.109999999999999,-0.21999999999999975,-0.020000000000000018,44.262,31.74,0.442,1,1
2026-06-26 05:49:15.338230+00:00,dc-core,hub1-dc-core,bgp_route_flap,46.45,28.98,8.13,0.34,1,0,0,0.112,39.08,1.4800000000000004,2.000000000000001,-0.09999999999999998,45.032,31.483999999999998,0.41200000000000003,1,1
2026-06-26 05:49:45.338230+00:00,branch-a,hub1-branch-a,bgp_route_flap,47.67,33.89,7.3,0.46,1,0,0,0.092,38.75,4.91,-0.830000000000001,0.12,45.148,31.439999999999998,0.426,1,1
2026-06-26 05:50:15.338230+00:00,dc-core,hub1-dc-core,bgp_route_flap,44.87,28.25,8.25,0.35,1,0,0,0.123,36.44,-5.640000000000001,0.9500000000000002,-0.11000000000000004,45.57,30.046000000000003,0.41,1,1
2026-06-26 05:50:45.338230+00:00,branch-a,hub1-branch-a,bgp_route_flap,42.39,31.34,7.86,0.36,1,0,0,0.076,41.97,3.09,-0.3899999999999997,0.010000000000000009,45.47,29.992,0.39,1,1
2026-06-26 05:51:15.338230+00:00,dc-core,hub1-dc-core,bgp_route_flap,45.63,32.16,7.48,0.46,1,0,0,0.102,40.61,0.8199999999999967,-0.3799999999999999,0.10000000000000003,45.402,30.924,0.394,1,0
2026-06-26 05:51:45.338230+00:00,branch-a,hub1-branch-a,steady_state,44.71,18.91,2.51,0.34,0,0,0,0.083,18.57,-13.249999999999996,-4.970000000000001,-0.12,45.054,28.910000000000004,0.394,0,0
2026-06-26 05:52:15.338230+00:00,dc-core,hub1-dc-core,steady_state,44.56,20.66,2.56,0.25,0,0,0,0.124,18.4,1.75,0.050000000000000266,-0.09000000000000002,44.432,26.264,0.352,0,0
2026-06-26 05:52:45.338230+00:00,branch-a,hub1-branch-a,steady_state,46.99,18.37,2.14,0.42,0,0,0,0.115,21.34,-2.289999999999999,-0.41999999999999993,0.16999999999999998,44.85600000000001,24.288,0.366,0,0
2026-06-26 05:53:15.338230+00:00,dc-core,hub1-dc-core,steady_state,45.52,20.25,2.49,0.24,0,0,0,0.078,21.99,1.879999999999999,0.3500000000000001,-0.18,45.482,22.07,0.34199999999999997,0,0
2026-06-26 05:53:45.338230+00:00,branch-a,hub1-branch-a,steady_state,46.5,21.47,3.08,0.49,0,0,0,0.098,20.11,1.2199999999999989,0.5899999999999999,0.25,45.656,19.932,0.34800000000000003,0,0
2026-06-26 05:54:15.338230+00:00,dc-core,hub1-dc-core,steady_state,45.47,18.85,2.99,0.27,0,0,0,0.059,23.07,-2.6199999999999974,-0.08999999999999986,-0.21999999999999997,45.808,19.92,0.33399999999999996,0,0
2026-06-26 05:54:45.338230+00:00,branch-a,hub1-branch-a,steady_state,44.21,21.05,2.86,0.44,0,0,0,0.118,23.85,2.1999999999999993,-0.13000000000000034,0.16999999999999998,45.738,19.997999999999998,0.372,0,0
2026-06-26 05:55:15.338230+00:00,dc-core,hub1-dc-core,steady_state,46.91,20.45,2.96,0.21,0,0,0,0.124,22.98,-0.6000000000000014,0.10000000000000009,-0.23,45.721999999999994,20.414,0.32999999999999996,0,0
2026-06-26 05:55:45.338230+00:00,branch-a,hub1-branch-a,steady_state,43.6,18.72,3.05,0.29,0,0,0,0.077,18.04,-1.7300000000000004,0.08999999999999986,0.07999999999999999,45.338,20.108,0.34,0,0
2026-06-26 05:56:15.338230+00:00,dc-core,hub1-dc-core,steady_state,47.22,20.27,2.6,0.24,0,0,0,0.101,18.18,1.5500000000000007,-0.44999999999999973,-0.04999999999999999,45.482,19.868000000000002,0.2899999999999999,0,0
2026-06-26 05:56:45.338230+00:00,branch-a,hub1-branch-a,steady_state,46.48,18.86,2.63,0.3,0,0,0,0.08,22.33,-1.4100000000000001,0.029999999999999805,0.06,45.684000000000005,19.869999999999997,0.29599999999999993,0,0
2026-06-26 05:57:15.338230+00:00,dc-core,hub1-dc-core,steady_state,46.66,20.27,2.13,0.22,0,0,0,0.063,21.71,1.4100000000000001,-0.5,-0.07999999999999999,46.174,19.714,0.25199999999999995,0,0
2026-06-26 05:57:45.338230+00:00,branch-a,hub1-branch-a,steady_state,46.04,19.09,2.99,0.35,0,0,0,0.085,19.64,-1.1799999999999997,0.8600000000000003,0.12999999999999998,46.0,19.442,0.27999999999999997,0,0
2026-06-26 05:58:15.338230+00:00,dc-core,hub1-dc-core,steady_state,46.53,18.46,2.64,0.28,0,0,0,0.104,20.92,-0.629999999999999,-0.3500000000000001,-0.06999999999999995,46.586,19.389999999999997,0.27799999999999997,0,0
2026-06-26 05:58:45.338230+00:00,branch-a,hub1-branch-a,steady_state,46.0,18.18,2.59,0.38,0,0,0,0.051,19.81,-0.28000000000000114,-0.050000000000000266,0.09999999999999998,46.342,18.972,0.30599999999999994,0,0
2026-06-26 05:59:15.338230+00:00,dc-core,hub1-dc-core,steady_state,43.27,18.55,2.38,0.3,0,0,0,0.051,22.48,0.370000000000001,-0.20999999999999996,-0.08000000000000002,45.7,18.91,0.306,0,0
2026-06-26 05:59:45.338230+00:00,branch-a,hub1-branch-a,steady_state,43.05,19.52,3.06,0.35,0,0,0,0.117,22.84,0.9699999999999989,0.6800000000000002,0.04999999999999999,44.977999999999994,18.76,0.332,0,0
2026-06-26 06:00:15.338230+00:00,dc-core,hub1-dc-core,steady_state,42.43,21.45,2.06,0.21,0,0,0,0.124,23.17,1.9299999999999997,-1.0,-0.13999999999999999,44.256,19.232,0.304,0,0
2026-06-26 06:00:45.338230+00:00,branch-a,hub1-branch-a,steady_state,45.45,20.29,3.06,0.33,0,0,0,0.059,18.13,-1.1600000000000001,1.0,0.12000000000000002,44.04,19.598,0.31399999999999995,0,0
2026-06-26 06:01:15.338230+00:00,dc-core,hub1-dc-core,steady_state,43.95,21.21,2.93,0.45,0,0,0,0.124,18.53,0.9200000000000017,-0.1299999999999999,0.12,43.63,20.204,0.328,0,0
2026-06-26 06:01:45.338230+00:00,branch-a,hub1-branch-a,steady_state,47.07,18.97,2.88,0.36,0,0,0,0.082,19.86,-2.240000000000002,-0.050000000000000266,-0.09000000000000002,44.39,20.288,0.33999999999999997,0,0
2026-06-26 06:02:15.338230+00:00,dc-core,hub1-dc-core,steady_state,44.04,19.33,2.25,0.35,0,0,0,0.059,21.06,0.35999999999999943,-0.6299999999999999,-0.010000000000000009,44.588,20.249999999999996,0.33999999999999997,0,0
2026-06-26 06:02:45.338230+00:00,branch-a,hub1-branch-a,steady_state,47.44,19.4,3.09,0.45,0,0,0,0.115,19.42,0.07000000000000028,0.8399999999999999,0.10000000000000003,45.589999999999996,19.84,0.388,0,0
2026-06-26 06:03:15.338230+00:00,dc-core,hub1-dc-core,steady_state,42.88,18.79,2.9,0.43,0,0,0,0.102,19.06,-0.6099999999999994,-0.18999999999999995,-0.020000000000000018,45.076,19.54,0.40800000000000003,0,0
2026-06-26 06:03:45.338230+00:00,branch-a,hub1-branch-a,steady_state,46.64,19.98,3.13,0.43,0,0,0,0.086,23.54,1.1900000000000013,0.22999999999999998,0.0,45.614,19.294,0.404,0,0
2026-06-26 06:04:15.338230+00:00,dc-core,hub1-dc-core,steady_state,45.39,20.54,2.94,0.46,0,0,0,0.1,18.91,0.5599999999999987,-0.18999999999999995,0.030000000000000027,45.278,19.607999999999997,0.42400000000000004,0,0
2026-06-26 06:04:45.338230+00:00,branch-a,hub1-branch-a,steady_state,42.41,19.77,2.45,0.28,0,0,0,0.054,21.04,-0.7699999999999996,-0.48999999999999977,-0.18,44.952,19.696,0.41,0,0
2026-06-26 06:05:15.338230+00:00,dc-core,hub1-dc-core,steady_state,43.86,19.81,2.09,0.45,0,0,0,0.056,23.19,0.03999999999999915,-0.3600000000000003,0.16999999999999998,44.236000000000004,19.778,0.41,0,0
2026-06-26 06:05:45.338230+00:00,branch-a,hub1-branch-a,steady_state,47.13,20.46,2.76,0.34,0,0,0,0.094,22.75,0.6500000000000021,0.6699999999999999,-0.10999999999999999,45.086,20.112000000000002,0.392,0,0
2026-06-26 06:06:15.338230+00:00,dc-core,hub1-dc-core,steady_state,47.38,19.8,3.21,0.4,0,0,0,0.076,20.85,-0.6600000000000001,0.4500000000000002,0.06,45.234,20.076,0.386,0,0
2026-06-26 06:06:45.338230+00:00,branch-a,hub1-branch-a,steady_state,42.91,18.25,2.16,0.47,0,0,0,0.077,22.29,-1.5500000000000007,-1.0499999999999998,0.06999999999999995,44.738,19.618000000000002,0.388,0,0
2026-06-26 06:07:15.338230+00:00,dc-core,hub1-dc-core,steady_state,45.03,18.69,2.37,0.33,0,0,0,0.085,21.14,0.4400000000000013,0.20999999999999996,-0.13999999999999996,45.262,19.401999999999997,0.398,0,0
2026-06-26 06:07:45.338230+00:00,branch-a,hub1-branch-a,steady_state,42.95,19.49,2.42,0.32,0,0,0,0.077,21.59,0.7999999999999972,0.04999999999999982,-0.010000000000000009,45.08,19.338,0.372,0,0
2026-06-26 06:08:15.338230+00:00,dc-core,hub1-dc-core,steady_state,46.74,20.59,2.1,0.23,0,0,0,0.104,19.7,1.1000000000000014,-0.31999999999999984,-0.09,45.002,19.363999999999997,0.35,0,0
2026-06-26 06:08:45.338230+00:00,branch-a,hub1-branch-a,steady_state,46.34,20.63,3.36,0.46,0,0,0,0.077,21.5,0.03999999999999915,1.2599999999999998,0.23,44.794,19.53,0.362,0,0
2026-06-26 06:09:15.338230+00:00,dc-core,hub1-dc-core,steady_state,42.85,19.4,3.45,0.41,0,0,0,0.081,21.57,-1.2300000000000004,0.0900000000000003,-0.050000000000000044,44.782,19.759999999999998,0.35,0,0
2026-06-26 06:09:45.338230+00:00,branch-a,hub1-branch-a,steady_state,47.63,19.24,2.57,0.44,0,0,0,0.115,22.02,-0.16000000000000014,-0.8800000000000003,0.030000000000000027,45.302,19.869999999999997,0.372,0,0
2026-06-26 06:10:15.338230+00:00,dc-core,hub1-dc-core,steady_state,46.97,20.96,3.03,0.36,0,0,0,0.102,20.54,1.7200000000000024,0.45999999999999996,-0.08000000000000002,46.106,20.163999999999998,0.38,0,0
2026-06-26 06:10:45.338230+00:00,branch-a,hub1-branch-a,steady_state,44.17,19.45,2.27,0.26,0,0,0,0.126,20.92,-1.5100000000000016,-0.7599999999999998,-0.09999999999999998,45.592,19.936,0.386,0,0
2026-06-26 06:11:15.338230+00:00,dc-core,hub1-dc-core,steady_state,43.36,18.55,2.12,0.45,0,0,0,0.058,22.63,-0.8999999999999986,-0.1499999999999999,0.19,44.995999999999995,19.52,0.384,0,0
2026-06-26 06:11:45.338230+00:00,branch-a,hub1-branch-a,steady_state,47.01,21.53,2.06,0.3,0,0,0,0.111,18.79,2.9800000000000004,-0.06000000000000005,-0.15000000000000002,45.827999999999996,19.946,0.362,0,1
2026-06-26 06:12:15.338230+00:00,dc-core,hub1-dc-core,steady_state,44.26,18.65,3.25,0.43,0,0,0,0.115,18.99,-2.8800000000000026,1.19,0.13,45.154,19.828000000000003,0.36,0,1
2026-06-26 06:12:45.338230+00:00,branch-a,hub1-branch-a,steady_state,44.63,19.64,3.01,0.27,0,0,0,0.086,19.71,0.990000000000002,-0.2400000000000002,-0.15999999999999998,44.686,19.564,0.34199999999999997,0,1
2026-06-26 06:13:15.338230+00:00,dc-core,hub1-dc-core,steady_state,46.49,19.8,2.8,0.29,0,0,0,0.115,20.81,0.16000000000000014,-0.20999999999999996,0.019999999999999962,45.15,19.634,0.348,0,1
2026-06-26 06:13:45.338230+00:00,branch-a,hub1-branch-a,steady_state,47.01,19.47,3.42,0.5,0,0,0,0.087,19.69,-0.33000000000000185,0.6200000000000001,0.21000000000000002,45.88,19.818,0.358,0,1
2026-06-26 06:14:15.338230+00:00,dc-core,hub1-dc-core,steady_state,44.29,20.11,3.45,0.45,0,0,0,0.114,18.83,0.6400000000000006,0.03000000000000025,-0.04999999999999999,45.336,19.534,0.388,0,1
2026-06-26 06:14:45.338230+00:00,branch-a,hub1-branch-a,steady_state,43.5,20.56,3.31,0.37,0,0,0,0.058,23.08,0.4499999999999993,-0.14000000000000012,-0.08000000000000002,45.184,19.916000000000004,0.376,0,1
2026-06-26 06:15:15.338230+00:00,dc-core,hub1-dc-core,steady_state,47.11,19.14,3.14,0.28,0,0,0,0.122,18.88,-1.4199999999999982,-0.16999999999999993,-0.08999999999999997,45.68,19.815999999999995,0.378,0,1
2026-06-26 06:15:45.338230+00:00,branch-a,hub1-branch-a,steady_state,44.62,21.79,2.33,0.34,0,0,0,0.078,18.16,2.6499999999999986,-0.81,0.06,45.306,20.214,0.388,0,1
2026-06-26 06:16:15.338230+00:00,dc-core,hub1-dc-core,steady_state,42.32,20.01,2.35,0.5,0,0,0,0.08,18.17,-1.7799999999999976,0.020000000000000018,0.15999999999999998,44.368,20.322,0.388,0,1
2026-06-26 06:16:45.338230+00:00,branch-a,hub1-branch-a,mpls_tunnel_degradation,47.58,21.36,2.97,0.44,0,0,1,0.061,19.72,1.3499999999999979,0.6200000000000001,-0.06,45.025999999999996,20.572,0.386,1,1
2026-06-26 06:17:15.338230+00:00,dc-core,hub1-dc-core,mpls_tunnel_degradation,46.98,21.13,2.47,0.61,0,0,0,0.086,18.37,-0.23000000000000043,-0.5,0.16999999999999998,45.722,20.686,0.434,1,1
2026-06-26 06:17:45.338230+00:00,branch-a,hub1-branch-a,mpls_tunnel_degradation,42.48,19.71,3.77,0.76,0,0,0,0.108,21.85,-1.4199999999999982,1.2999999999999998,0.15000000000000002,44.796,20.8,0.53,1,1
2026-06-26 06:18:15.338230+00:00,dc-core,hub1-dc-core,mpls_tunnel_degradation,42.67,20.18,3.22,0.81,0,0,0,0.084,23.79,0.46999999999999886,-0.5499999999999998,0.050000000000000044,44.406,20.478,0.624,1,1
2026-06-26 06:18:45.338230+00:00,branch-a,hub1-branch-a,mpls_tunnel_degradation,44.74,19.81,4.39,1.18,0,0,1,0.051,22.46,-0.370000000000001,1.1699999999999995,0.3699999999999999,44.89,20.438,0.76,1,1
2026-06-26 06:19:15.338230+00:00,dc-core,hub1-dc-core,mpls_tunnel_degradation,43.45,20.29,3.93,1.38,0,0,0,0.069,22.21,0.4800000000000004,-0.4599999999999995,0.19999999999999996,44.064,20.223999999999997,0.9480000000000001,1,1
2026-06-26 06:19:45.338230+00:00,branch-a,hub1-branch-a,mpls_tunnel_degradation,45.99,20.4,5.0,1.42,0,0,0,0.092,23.1,0.10999999999999943,1.0699999999999998,0.040000000000000036,43.866,20.078,1.1099999999999999,1,1
2026-06-26 06:20:15.338230+00:00,dc-core,hub1-dc-core,mpls_tunnel_degradation,47.93,22.62,4.39,1.74,0,0,0,0.101,26.29,2.2200000000000024,-0.6100000000000003,0.32000000000000006,44.956,20.660000000000004,1.3059999999999998,1,1
2026-06-26 06:20:45.338230+00:00,branch-a,hub1-branch-a,mpls_tunnel_degradation,43.52,20.81,5.24,1.9,0,0,1,0.109,24.51,-1.8100000000000023,0.8500000000000005,0.15999999999999992,45.126000000000005,20.785999999999998,1.5239999999999998,1,1
2026-06-26 06:21:15.338230+00:00,dc-core,hub1-dc-core,mpls_tunnel_degradation,46.63,24.03,4.81,2.01,0,0,0,0.094,25.97,3.2200000000000024,-0.4300000000000006,0.10999999999999988,45.504000000000005,21.63,1.69,1,1
2026-06-26 06:21:45.338230+00:00,branch-a,hub1-branch-a,mpls_tunnel_degradation,43.05,24.55,5.27,2.41,0,0,0,0.101,26.3,0.5199999999999996,0.45999999999999996,0.40000000000000036,45.424,22.482,1.8960000000000001,1,1
2026-06-26 06:22:15.338230+00:00,dc-core,hub1-dc-core,mpls_tunnel_degradation,42.38,24.88,5.52,2.49,0,0,0,0.054,22.97,0.3299999999999983,0.25,0.08000000000000007,44.702000000000005,23.378,2.1100000000000003,1,1
2026-06-26 06:22:45.338230+00:00,branch-a,hub1-branch-a,mpls_tunnel_degradation,42.25,25.85,5.86,2.9,0,0,1,0.093,23.63,0.9700000000000024,0.34000000000000075,0.4099999999999997,43.566,24.024,2.3419999999999996,1,1
2026-06-26 06:23:15.338230+00:00,dc-core,hub1-dc-core,mpls_tunnel_degradation,46.52,23.22,5.88,3.03,0,0,0,0.119,24.45,-2.6300000000000026,0.019999999999999574,0.1299999999999999,44.166,24.506,2.568,1,1
2026-06-26 06:23:45.338230+00:00,branch-a,hub1-branch-a,mpls_tunnel_degradation,42.75,24.27,6.93,3.22,0,0,0,0.122,25.12,1.0500000000000007,1.0499999999999998,0.1900000000000004,43.39,24.554000000000002,2.81,1,1
2026-06-26 06:24:15.338230+00:00,dc-core,hub1-dc-core,mpls_tunnel_degradation,47.84,25.13,6.6,3.48,0,0,0,0.092,27.95,0.8599999999999994,-0.33000000000000007,0.2599999999999998,44.348,24.669999999999998,3.024,1,1
2026-06-26 06:24:45.338230+00:00,branch-a,hub1-branch-a,mpls_tunnel_degradation,46.36,23.8,7.02,3.65,0,0,1,0.094,25.41,-1.3299999999999983,0.41999999999999993,0.16999999999999993,45.144,24.454,3.2559999999999993,1,1
2026-06-26 06:25:15.338230+00:00,dc-core,hub1-dc-core,mpls_tunnel_degradation,42.48,26.47,6.83,3.78,0,0,0,0.084,27.97,2.669999999999998,-0.1899999999999995,0.1299999999999999,45.19,24.578,3.432,1,1
2026-06-26 06:25:45.338230+00:00,branch-a,hub1-branch-a,mpls_tunnel_degradation,44.11,24.34,7.93,3.91,0,0,0,0.13,25.82,-2.129999999999999,1.0999999999999996,0.13000000000000034,44.708000000000006,24.802,3.6079999999999997,1,1
2026-06-26 06:26:15.338230+00:00,dc-core,hub1-dc-core,mpls_tunnel_degradation,47.88,28.31,7.0,4.19,0,0,0,0.079,29.32,3.969999999999999,-0.9299999999999997,0.28000000000000025,45.734,25.610000000000003,3.8020000000000005,1,1
2026-06-26 06:26:45.338230+00:00,branch-a,hub1-branch-a,mpls_tunnel_degradation,46.08,28.67,7.36,4.38,0,0,1,0.113,25.07,0.360000000000003,0.3600000000000003,0.1899999999999995,45.38199999999999,26.318,3.982,1,1
2026-06-26 06:27:15.338230+00:00,dc-core,hub1-dc-core,mpls_tunnel_degradation,42.4,28.31,7.95,4.51,0,0,0,0.095,28.83,-0.360000000000003,0.5899999999999999,0.1299999999999999,44.589999999999996,27.22,4.154000000000001,1,1
2026-06-26 06:27:45.338230+00:00,branch-a,hub1-branch-a,mpls_tunnel_degradation,46.07,29.34,8.22,4.83,0,0,0,0.096,28.72,1.0300000000000011,0.27000000000000046,0.3200000000000003,45.30800000000001,27.794,4.364,1,1
2026-06-26 06:28:15.338230+00:00,dc-core,hub1-dc-core,mpls_tunnel_degradation,44.39,28.48,8.29,4.83,0,0,0,0.109,28.88,-0.8599999999999994,0.06999999999999851,0.0,45.364,28.621999999999996,4.548,1,1
2026-06-26 06:28:45.338230+00:00,branch-a,hub1-branch-a,mpls_tunnel_degradation,44.32,28.48,8.56,5.08,0,0,1,0.086,32.21,0.0,0.27000000000000135,0.25,44.652,28.656,4.726,1,1
2026-06-26 06:29:15.338230+00:00,dc-core,hub1-dc-core,mpls_tunnel_degradation,43.71,30.24,9.17,5.24,0,0,0,0.118,29.28,1.759999999999998,0.6099999999999994,0.16000000000000014,44.178000000000004,28.97,4.898000000000001,1,1
2026-06-26 06:29:45.338230+00:00,branch-a,hub1-branch-a,mpls_tunnel_degradation,47.39,28.69,8.82,5.6,0,0,0,0.118,28.83,-1.5499999999999972,-0.34999999999999964,0.35999999999999943,45.176,29.046000000000003,5.1160000000000005,1,1
2026-06-26 06:30:15.338230+00:00,dc-core,hub1-dc-core,mpls_tunnel_degradation,44.08,27.52,9.76,5.87,0,0,0,0.118,31.53,-1.1700000000000017,0.9399999999999995,0.27000000000000046,44.778000000000006,28.682,5.324,1,1
2026-06-26 06:30:45.338230+00:00,branch-a,hub1-branch-a,mpls_tunnel_degradation,47.56,30.15,10.39,5.95,0,0,1,0.06,28.81,2.629999999999999,0.6300000000000008,0.08000000000000007,45.412,29.016,5.548,1,1
2026-06-26 06:31:15.338230+00:00,dc-core,hub1-dc-core,mpls_tunnel_degradation,42.83,31.1,9.5,6.17,0,0,0,0.08,32.76,0.9500000000000028,-0.8900000000000006,0.21999999999999975,45.114,29.540000000000003,5.766,1,1
2026-06-26 06:31:45.338230+00:00,branch-a,hub1-branch-a,mpls_tunnel_degradation,45.31,30.73,9.84,6.29,0,0,0,0.13,32.6,-0.370000000000001,0.33999999999999986,0.1200000000000001,45.434000000000005,29.637999999999998,5.976,1,1
2026-06-26 06:32:15.338230+00:00,dc-core,hub1-dc-core,mpls_tunnel_degradation,45.15,31.71,11.21,6.42,0,0,0,0.128,32.48,0.9800000000000004,1.370000000000001,0.1299999999999999,44.986000000000004,30.242,6.14,1,1
2026-06-26 06:32:45.338230+00:00,branch-a,hub1-branch-a,mpls_tunnel_degradation,44.7,31.69,10.75,6.86,0,0,1,0.112,32.81,-0.019999999999999574,-0.46000000000000085,0.4400000000000004,45.11,31.076,6.337999999999999,1,1
2026-06-26 06:33:15.338230+00:00,dc-core,hub1-dc-core,mpls_tunnel_degradation,43.09,33.18,11.13,7.07,0,0,0,0.054,30.06,1.4899999999999984,0.3800000000000008,0.20999999999999996,44.216,31.682,6.562,1,1
2026-06-26 06:33:45.338230+00:00,branch-a,hub1-branch-a,mpls_tunnel_degradation,42.92,30.32,11.23,7.21,0,0,0,0.078,35.3,-2.8599999999999994,0.09999999999999964,0.13999999999999968,44.233999999999995,31.526,6.7700000000000005,1,0
2026-06-26 06:34:15.338230+00:00,dc-core,hub1-dc-core,steady_state,47.37,21.38,2.38,0.39,0,0,0,0.094,18.75,-8.940000000000001,-8.850000000000001,-6.82,44.646,29.656,5.59,0,0
2026-06-26 06:34:45.338230+00:00,branch-a,hub1-branch-a,steady_state,43.82,20.13,2.75,0.25,0,0,0,0.125,18.93,-1.25,0.3700000000000001,-0.14,44.38,27.339999999999996,4.356,0,0
2026-06-26 06:35:15.338230+00:00,dc-core,hub1-dc-core,steady_state,45.95,20.88,2.91,0.45,0,0,0,0.095,22.95,0.75,0.16000000000000014,0.2,44.63,25.177999999999997,3.0740000000000003,0,0
2026-06-26 06:35:45.338230+00:00,branch-a,hub1-branch-a,steady_state,42.17,18.18,2.96,0.37,0,0,0,0.102,22.6,-2.6999999999999993,0.04999999999999982,-0.08000000000000002,44.446,22.178,1.734,0,0
2026-06-26 06:36:15.338230+00:00,dc-core,hub1-dc-core,steady_state,44.5,20.56,2.75,0.39,0,0,0,0.073,23.74,2.379999999999999,-0.20999999999999996,0.020000000000000018,44.762,20.226,0.37,0,0
2026-06-26 06:36:45.338230+00:00,branch-a,hub1-branch-a,steady_state,44.9,21.22,3.03,0.29,0,0,0,0.056,18.36,0.6600000000000001,0.2799999999999998,-0.10000000000000003,44.268,20.194,0.35,0,0
2026-06-26 06:37:15.338230+00:00,dc-core,hub1-dc-core,steady_state,44.64,19.94,2.31,0.38,0,0,0,0.075,22.31,-1.2799999999999976,-0.7199999999999998,0.09000000000000002,44.432,20.156,0.376,0,0
2026-06-26 06:37:45.338230+00:00,branch-a,hub1-branch-a,steady_state,46.41,21.44,3.46,0.24,0,0,0,0.08,21.37,1.5,1.15,-0.14,44.524,20.268,0.33399999999999996,0,0
2026-06-26 06:38:15.338230+00:00,dc-core,hub1-dc-core,steady_state,43.91,19.87,2.4,0.27,0,0,0,0.058,19.74,-1.5700000000000003,-1.06,0.030000000000000027,44.872,20.606,0.314,0,0
2026-06-26 06:38:45.338230+00:00,branch-a,hub1-branch-a,steady_state,44.3,20.46,2.37,0.46,0,0,0,0.063,19.96,0.5899999999999999,-0.029999999999999805,0.19,44.832,20.586,0.32799999999999996,0,0
2026-06-26 06:39:15.338230+00:00,dc-core,hub1-dc-core,steady_state,45.47,19.25,3.14,0.35,0,0,0,0.091,20.99,-1.2100000000000009,0.77,-0.11000000000000004,44.946,20.192,0.34,0,0
2026-06-26 06:39:45.338230+00:00,branch-a,hub1-branch-a,steady_state,43.85,18.09,3.42,0.35,0,0,0,0.127,19.29,-1.1600000000000001,0.2799999999999998,0.0,44.788,19.822,0.33399999999999996,0,0
2026-06-26 06:40:15.338230+00:00,dc-core,hub1-dc-core,steady_state,44.12,18.2,2.74,0.46,0,0,0,0.102,20.82,0.10999999999999943,-0.6799999999999997,0.11000000000000004,44.33,19.174,0.378,0,0
2026-06-26 06:40:45.338230+00:00,branch-a,hub1-branch-a,steady_state,45.22,21.39,2.65,0.46,0,0,0,0.108,22.58,3.1900000000000013,-0.0900000000000003,0.0,44.592,19.478,0.41600000000000004,0,0
2026-06-26 06:41:15.338230+00:00,dc-core,hub1-dc-core,steady_state,44.2,19.6,2.86,0.26,0,0,0,0.094,18.44,-1.7899999999999991,0.20999999999999996,-0.2,44.572,19.306,0.376,0,0
2026-06-26 06:41:45.338230+00:00,branch-a,hub1-branch-a,steady_state,45.03,21.06,2.42,0.5,0,0,0,0.104,18.71,1.4599999999999973,-0.43999999999999995,0.24,44.484,19.668,0.40599999999999997,0,0
2026-06-26 06:42:15.338230+00:00,dc-core,hub1-dc-core,steady_state,47.85,19.58,3.19,0.3,0,0,0,0.125,22.53,-1.4800000000000004,0.77,-0.2,45.284000000000006,19.966,0.396,0,0
2026-06-26 06:42:45.338230+00:00,branch-a,hub1-branch-a,steady_state,43.19,20.04,2.75,0.21,0,0,0,0.061,20.0,0.46000000000000085,-0.43999999999999995,-0.09,45.098,20.333999999999996,0.34600000000000003,0,0
2026-06-26 06:43:15.338230+00:00,dc-core,hub1-dc-core,steady_state,44.84,19.83,2.91,0.35,0,0,0,0.076,21.68,-0.21000000000000085,0.16000000000000014,0.13999999999999999,45.022000000000006,20.022,0.32399999999999995,0,0
2026-06-26 06:43:45.338230+00:00,branch-a,hub1-branch-a,steady_state,42.98,21.96,3.11,0.29,0,0,0,0.077,22.97,2.1300000000000026,0.19999999999999973,-0.06,44.778000000000006,20.494,0.32999999999999996,0,0
2026-06-26 06:44:15.338230+00:00,dc-core,hub1-dc-core,steady_state,45.19,20.83,2.45,0.44,0,0,0,0.079,22.04,-1.1300000000000026,-0.6599999999999997,0.15000000000000002,44.81,20.448,0.31799999999999995,0,0
2026-06-26 06:44:45.338230+00:00,branch-a,hub1-branch-a,steady_state,47.88,20.33,3.2,0.42,0,0,0,0.105,18.16,-0.5,0.75,-0.020000000000000018,44.815999999999995,20.598,0.34199999999999997,0,0
2026-06-26 06:45:15.338230+00:00,dc-core,hub1-dc-core,steady_state,44.85,21.87,3.17,0.43,0,0,0,0.096,22.33,1.5400000000000027,-0.03000000000000025,0.010000000000000009,45.148,20.964,0.38599999999999995,0,0
2026-06-26 06:45:45.338230+00:00,branch-a,hub1-branch-a,steady_state,45.5,18.68,2.94,0.39,0,0,0,0.117,18.89,-3.1900000000000013,-0.22999999999999998,-0.03999999999999998,45.279999999999994,20.734,0.394,0,0
2026-06-26 06:46:15.338230+00:00,dc-core,hub1-dc-core,steady_state,46.08,18.13,3.42,0.23,0,0,0,0.052,19.88,-0.5500000000000007,0.48,-0.16,45.9,19.968,0.382,0,0
2026-06-26 06:46:45.338230+00:00,branch-a,hub1-branch-a,steady_state,42.91,20.76,2.62,0.43,0,0,0,0.124,23.24,2.6300000000000026,-0.7999999999999998,0.19999999999999998,45.444,19.954,0.38,0,1
2026-06-26 06:47:15.338230+00:00,dc-core,hub1-dc-core,steady_state,46.42,18.25,2.21,0.26,0,0,0,0.076,21.97,-2.5100000000000016,-0.41000000000000014,-0.16999999999999998,45.152,19.538,0.34800000000000003,0,1
2026-06-26 06:47:45.338230+00:00,branch-a,hub1-branch-a,steady_state,45.15,19.26,2.26,0.47,0,0,0,0.077,20.13,1.0100000000000016,0.04999999999999982,0.20999999999999996,45.211999999999996,19.016,0.356,0,1
2026-06-26 06:48:15.338230+00:00,dc-core,hub1-dc-core,steady_state,46.63,20.88,2.96,0.41,0,0,0,0.099,19.15,1.6199999999999974,0.7000000000000002,-0.06,45.438,19.456,0.36,0,1
2026-06-26 06:48:45.338230+00:00,branch-a,hub1-branch-a,steady_state,43.48,20.23,2.34,0.49,0,0,0,0.074,19.73,-0.6499999999999986,-0.6200000000000001,0.08000000000000002,44.918,19.876,0.41200000000000003,0,1
2026-06-26 06:49:15.338230+00:00,dc-core,hub1-dc-core,steady_state,43.24,20.82,2.48,0.3,0,0,0,0.125,22.77,0.5899999999999999,0.14000000000000012,-0.19,44.984,19.887999999999998,0.38599999999999995,0,1
2026-06-26 06:49:45.338230+00:00,branch-a,hub1-branch-a,steady_state,43.64,18.49,3.01,0.31,0,0,0,0.128,22.91,-2.330000000000002,0.5299999999999998,0.010000000000000009,44.428,19.936,0.396,0,1
2026-06-26 06:50:15.338230+00:00,dc-core,hub1-dc-core,steady_state,47.73,21.22,2.44,0.29,0,0,0,0.107,20.08,2.7300000000000004,-0.5699999999999998,-0.020000000000000018,44.944,20.328,0.36,0,1
2026-06-26 06:50:45.338230+00:00,branch-a,hub1-branch-a,steady_state,44.65,19.03,2.72,0.26,0,0,0,0.093,23.6,-2.1899999999999977,0.28000000000000025,-0.02999999999999997,44.547999999999995,19.958000000000002,0.32999999999999996,0,1
2026-06-26 06:51:15.338230+00:00,dc-core,hub1-dc-core,steady_state,46.18,18.55,2.92,0.38,0,0,0,0.069,22.02,-0.4800000000000004,0.19999999999999973,0.12,45.088,19.622,0.308,0,1
2026-06-26 06:51:45.338230+00:00,branch-b,branch-b-dc-core,controller_policy_drift,55.19,34.41,5.09,0.32,0,1,0,0.107,32.6,15.859999999999996,2.17,-0.06,47.477999999999994,22.339999999999996,0.312,1,1
2026-06-26 06:52:15.338230+00:00,branch-b,branch-b-dc-core,controller_policy_drift,55.3,32.71,7.06,0.48,0,0,0,0.12,34.86,-1.6999999999999957,1.9699999999999998,0.15999999999999998,49.809999999999995,25.183999999999997,0.346,1,1
2026-06-26 06:52:45.338230+00:00,branch-b,branch-b-dc-core,controller_policy_drift,53.93,34.2,7.77,0.23,0,0,0,0.096,35.21,1.490000000000002,0.71,-0.24999999999999997,51.05,27.78,0.33399999999999996,1,1
2026-06-26 06:53:15.338230+00:00,branch-b,branch-b-dc-core,controller_policy_drift,57.48,30.69,7.07,0.25,0,0,0,0.124,37.98,-3.5100000000000016,-0.6999999999999993,0.01999999999999999,53.616,30.112000000000002,0.332,1,1
2026-06-26 06:53:45.338230+00:00,branch-b,branch-b-dc-core,controller_policy_drift,57.62,32.39,7.86,0.46,0,0,0,0.051,35.41,1.6999999999999993,0.79,0.21000000000000002,55.903999999999996,32.879999999999995,0.34800000000000003,1,1
2026-06-26 06:54:15.338230+00:00,branch-b,branch-b-dc-core,controller_policy_drift,53.71,34.3,6.1,0.35,0,1,0,0.125,37.11,1.9099999999999966,-1.7600000000000007,-0.11000000000000004,55.60799999999999,32.858000000000004,0.354,1,1
2026-06-26 06:54:45.338230+00:00,branch-b,branch-b-dc-core,controller_policy_drift,52.68,32.6,6.54,0.28,0,0,0,0.065,36.42,-1.6999999999999957,0.4400000000000004,-0.06999999999999995,55.084,32.836,0.314,1,1
2026-06-26 06:55:15.338230+00:00,branch-b,branch-b-dc-core,controller_policy_drift,56.54,29.14,7.29,0.47,0,0,0,0.116,35.09,-3.460000000000001,0.75,0.18999999999999995,55.605999999999995,31.824,0.362,1,1
2026-06-26 06:55:45.338230+00:00,branch-b,branch-b-dc-core,controller_policy_drift,53.11,32.33,6.92,0.27,0,0,0,0.071,33.41,3.1899999999999977,-0.3700000000000001,-0.19999999999999996,54.732000000000006,32.152,0.366,1,1
2026-06-26 06:56:15.338230+00:00,branch-b,branch-b-dc-core,controller_policy_drift,53.81,31.48,5.48,0.4,0,0,0,0.105,32.37,-0.8499999999999979,-1.4399999999999995,0.13,53.970000000000006,31.970000000000006,0.354,1,1
2026-06-26 06:56:45.338230+00:00,branch-b,branch-b-dc-core,controller_policy_drift,54.43,34.59,6.79,0.41,0,1,0,0.075,32.7,3.110000000000003,1.3099999999999996,0.009999999999999953,54.114,32.028,0.366,1,1
2026-06-26 06:57:15.338230+00:00,branch-b,branch-b-dc-core,controller_policy_drift,55.69,30.96,6.02,0.25,0,0,0,0.11,35.63,-3.6300000000000026,-0.7700000000000005,-0.15999999999999998,54.715999999999994,31.7,0.36,1,1
2026-06-26 06:57:45.338230+00:00,branch-b,branch-b-dc-core,controller_policy_drift,54.82,34.52,6.12,0.27,0,0,0,0.07,36.53,3.5600000000000023,0.10000000000000053,0.020000000000000018,54.372,32.775999999999996,0.32,1,1
2026-06-26 06:58:15.338230+00:00,branch-b,branch-b-dc-core,controller_policy_drift,54.68,33.34,5.98,0.37,0,0,0,0.055,35.29,-1.1799999999999997,-0.13999999999999968,0.09999999999999998,54.686,32.978,0.34,1,1
2026-06-26 06:58:45.338230+00:00,branch-b,branch-b-dc-core,controller_policy_drift,52.9,29.77,6.55,0.23,0,0,0,0.066,35.5,-3.570000000000004,0.5699999999999994,-0.13999999999999999,54.504,32.636,0.306,1,1
2026-06-26 06:59:15.338230+00:00,branch-b,branch-b-dc-core,controller_policy_drift,56.85,33.85,6.85,0.34,0,1,0,0.055,34.77,4.080000000000002,0.2999999999999998,0.11000000000000001,54.988,32.48800000000001,0.292,1,1
2026-06-26 06:59:45.338230+00:00,branch-b,branch-b-dc-core,controller_policy_drift,54.38,31.58,7.61,0.37,0,0,0,0.054,34.07,-2.270000000000003,0.7600000000000007,0.02999999999999997,54.726,32.612,0.316,1,1
2026-06-26 07:00:15.338230+00:00,branch-b,branch-b-dc-core,controller_policy_drift,57.61,32.11,7.87,0.21,0,0,0,0.083,36.61,0.5300000000000011,0.2599999999999998,-0.16,55.284000000000006,32.13,0.304,1,1
2026-06-26 07:00:45.338230+00:00,branch-b,branch-b-dc-core,controller_policy_drift,55.88,31.56,7.51,0.31,0,0,0,0.12,37.44,-0.5500000000000007,-0.3600000000000003,0.1,55.524,31.774,0.292,1,1
2026-06-26 07:01:15.338230+00:00,branch-b,branch-b-dc-core,controller_policy_drift,55.97,32.8,7.07,0.3,0,0,0,0.064,35.22,1.2399999999999984,-0.4399999999999995,-0.010000000000000009,56.138,32.379999999999995,0.306,1,1
2026-06-26 07:01:45.338230+00:00,branch-b,branch-b-dc-core,controller_policy_drift,53.34,30.67,6.27,0.29,0,1,0,0.104,35.27,-2.1299999999999955,-0.8000000000000007,-0.010000000000000009,55.436,31.744,0.296,1,1
2026-06-26 07:02:15.338230+00:00,branch-b,branch-b-dc-core,controller_policy_drift,53.49,33.43,6.04,0.48,0,0,0,0.108,32.68,2.759999999999998,-0.22999999999999954,0.19,55.258,32.114,0.31799999999999995,1,1
2026-06-26 07:02:45.338230+00:00,branch-b,branch-b-dc-core,controller_policy_drift,56.6,34.52,6.08,0.26,0,0,0,0.058,32.2,1.0900000000000034,0.040000000000000036,-0.21999999999999997,55.056,32.596,0.328,1,1
2026-06-26 07:03:15.338230+00:00,branch-b,branch-b-dc-core,controller_policy_drift,52.29,31.24,6.36,0.27,0,0,0,0.067,37.18,-3.2800000000000047,0.28000000000000025,0.010000000000000009,54.338,32.532000000000004,0.32,1,1
2026-06-26 07:03:45.338230+00:00,branch-b,branch-b-dc-core,controller_policy_drift,53.74,32.87,6.55,0.3,0,0,0,0.098,36.04,1.629999999999999,0.1899999999999995,0.02999999999999997,53.89200000000001,32.54600000000001,0.31999999999999995,1,1
2026-06-26 07:04:15.338230+00:00,branch-b,branch-b-dc-core,controller_policy_drift,52.86,35.04,6.7,0.29,0,1,0,0.055,37.69,2.1700000000000017,0.15000000000000036,-0.010000000000000009,53.79600000000001,33.42,0.32,1,1
2026-06-26 07:04:45.338230+00:00,branch-b,branch-b-dc-core,controller_policy_drift,55.76,33.64,6.22,0.49,0,0,0,0.125,36.03,-1.3999999999999986,-0.4800000000000004,0.2,54.25,33.462,0.322,1,1
2026-06-26 07:05:15.338230+00:00,branch-b,branch-b-dc-core,controller_policy_drift,54.5,30.1,6.63,0.43,0,0,0,0.088,37.1,-3.539999999999999,0.41000000000000014,-0.06,53.83,32.577999999999996,0.356,1,1
2026-06-26 07:05:45.338230+00:00,branch-b,branch-b-dc-core,controller_policy_drift,56.83,32.87,6.15,0.49,0,0,0,0.095,32.8,2.769999999999996,-0.47999999999999954,0.06,54.738,32.903999999999996,0.39999999999999997,1,1
2026-06-26 07:06:15.338230+00:00,branch-b,branch-b-dc-core,controller_policy_drift,55.88,33.03,7.28,0.23,0,0,0,0.108,33.14,0.1600000000000037,1.13,-0.26,55.166,32.93599999999999,0.386,1,0
2026-06-26 07:06:45.338230+00:00,branch-a,hub1-branch-a,steady_state,45.62,21.49,2.28,0.43,0,0,0,0.108,21.35,-11.540000000000003,-5.0,0.19999999999999998,53.717999999999996,30.226,0.414,0,0
2026-06-26 07:07:15.338230+00:00,dc-core,hub1-dc-core,steady_state,44.88,21.48,2.5,0.49,0,0,0,0.051,23.62,-0.00999999999999801,0.2200000000000002,0.06,51.541999999999994,27.794,0.414,0,0
2026-06-26 07:07:45.338230+00:00,branch-a,hub1-branch-a,steady_state,47.77,18.47,3.5,0.34,0,0,0,0.069,21.63,-3.0100000000000016,1.0,-0.14999999999999997,50.196,25.468,0.396,0,0
2026-06-26 07:08:15.338230+00:00,dc-core,hub1-dc-core,steady_state,43.23,21.66,2.83,0.43,0,0,0,0.08,21.2,3.1900000000000013,-0.6699999999999999,0.08999999999999997,47.476,23.226,0.384,0,0
2026-06-26 07:08:45.338230+00:00,branch-a,hub1-branch-a,steady_state,44.16,19.05,2.77,0.35,0,0,0,0.058,23.89,-2.6099999999999994,-0.06000000000000005,-0.08000000000000002,45.132000000000005,20.43,0.40800000000000003,0,0
2026-06-26 07:09:15.338230+00:00,dc-core,hub1-dc-core,steady_state,44.82,21.36,3.37,0.31,0,0,0,0.083,21.38,2.3099999999999987,0.6000000000000001,-0.03999999999999998,44.972,20.404,0.384,0,0
2026-06-26 07:09:45.338230+00:00,branch-a,hub1-branch-a,steady_state,43.33,18.58,2.39,0.48,0,0,0,0.096,20.51,-2.780000000000001,-0.98,0.16999999999999998,44.662,19.823999999999998,0.382,0,0
2026-06-26 07:10:15.338230+00:00,dc-core,hub1-dc-core,steady_state,42.91,19.32,2.57,0.45,0,0,0,0.09,21.93,0.740000000000002,0.17999999999999972,-0.02999999999999997,43.69,19.994,0.404,0,0
2026-06-26 07:10:45.338230+00:00,branch-a,hub1-branch-a,steady_state,46.11,19.03,3.23,0.49,0,0,0,0.101,20.94,-0.28999999999999915,0.6600000000000001,0.03999999999999998,44.266,19.468,0.41600000000000004,0,0
2026-06-26 07:11:15.338230+00:00,dc-core,hub1-dc-core,steady_state,43.01,21.18,2.25,0.42,0,0,0,0.089,23.5,2.1499999999999986,-0.98,-0.07,44.036,19.894,0.43,0,0
2026-06-26 07:11:45.338230+00:00,branch-a,hub1-branch-a,steady_state,45.25,20.57,2.09,0.21,0,0,0,0.118,23.67,-0.6099999999999994,-0.16000000000000014,-0.21,44.122,19.736,0.41,0,0
2026-06-26 07:12:15.338230+00:00,dc-core,hub1-dc-core,steady_state,46.01,21.06,2.62,0.45,0,0,0,0.069,22.24,0.48999999999999844,0.5300000000000002,0.24000000000000002,44.658,20.232,0.404,0,0
2026-06-26 07:12:45.338230+00:00,branch-a,hub1-branch-a,steady_state,42.05,20.02,2.56,0.39,0,0,0,0.103,21.7,-1.0399999999999991,-0.06000000000000005,-0.06,44.486000000000004,20.372000000000003,0.392,0,0
2026-06-26 07:13:15.338230+00:00,dc-core,hub1-dc-core,steady_state,44.9,19.95,2.01,0.37,0,0,0,0.051,21.18,-0.07000000000000028,-0.5500000000000003,-0.020000000000000018,44.24399999999999,20.556,0.368,0,0
2026-06-26 07:13:45.338230+00:00,branch-a,hub1-branch-a,steady_state,43.65,21.91,2.03,0.44,0,0,0,0.104,22.84,1.9600000000000009,0.020000000000000018,0.07,44.372,20.701999999999998,0.372,0,0
2026-06-26 07:14:15.338230+00:00,dc-core,hub1-dc-core,steady_state,47.46,18.43,2.14,0.24,0,0,0,0.065,21.16,-3.4800000000000004,0.11000000000000032,-0.2,44.814,20.274,0.378,0,0
2026-06-26 07:14:45.338230+00:00,branch-a,hub1-branch-a,steady_state,46.89,19.07,2.6,0.31,0,0,0,0.082,21.39,0.6400000000000006,0.45999999999999996,0.07,44.989999999999995,19.875999999999998,0.35,0,0
2026-06-26 07:15:15.338230+00:00,dc-core,hub1-dc-core,steady_state,47.94,18.9,3.03,0.45,0,0,0,0.102,23.15,-0.1700000000000017,0.4299999999999997,0.14,46.16799999999999,19.651999999999997,0.362,0,0
2026-06-26 07:15:45.338230+00:00,branch-a,hub1-branch-a,steady_state,46.56,18.37,2.57,0.37,0,0,0,0.054,18.06,-0.5299999999999976,-0.45999999999999996,-0.08000000000000002,46.5,19.336000000000002,0.362,0,0
2026-06-26 07:16:15.338230+00:00,dc-core,hub1-dc-core,steady_state,43.03,20.0,2.65,0.44,0,0,0,0.095,23.15,1.629999999999999,0.08000000000000007,0.07,46.376,18.954,0.362,0,0
2026-06-26 07:16:45.338230+00:00,branch-a,hub1-branch-a,steady_state,42.57,20.11,2.06,0.26,0,0,0,0.119,23.33,0.10999999999999943,-0.5899999999999999,-0.18,45.398,19.29,0.366,0,0
2026-06-26 07:17:15.338230+00:00,dc-core,hub1-dc-core,steady_state,44.85,18.19,2.11,0.48,0,0,0,0.122,21.38,-1.9199999999999982,0.04999999999999982,0.21999999999999997,44.99,19.113999999999997,0.4,0,0
2026-06-26 07:17:45.338230+00:00,branch-a,hub1-branch-a,steady_state,42.2,21.72,2.47,0.49,0,0,0,0.097,22.51,3.5299999999999976,0.3600000000000003,0.010000000000000009,43.842,19.678,0.40800000000000003,0,0
2026-06-26 07:18:15.338230+00:00,dc-core,hub1-dc-core,steady_state,46.28,19.59,2.12,0.25,0,0,0,0.069,23.01,-2.129999999999999,-0.3500000000000001,-0.24,43.786,19.922,0.384,0,0
2026-06-26 07:18:45.338230+00:00,branch-a,hub1-branch-a,steady_state,44.33,21.59,2.5,0.43,0,0,0,0.061,23.93,2.0,0.3799999999999999,0.18,44.04600000000001,20.24,0.382,0,0
2026-06-26 07:19:15.338230+00:00,dc-core,hub1-dc-core,steady_state,46.34,20.0,3.46,0.22,0,0,0,0.085,23.03,-1.5899999999999999,0.96,-0.21,44.8,20.218,0.374,0,0
2026-06-26 07:19:45.338230+00:00,branch-a,hub1-branch-a,steady_state,44.04,21.08,3.43,0.32,0,0,0,0.112,18.18,1.0799999999999983,-0.029999999999999805,0.1,44.638,20.796,0.34199999999999997,0,0
2026-06-26 07:20:15.338230+00:00,dc-core,hub1-dc-core,steady_state,43.64,21.97,2.74,0.31,0,0,0,0.125,20.59,0.8900000000000006,-0.69,-0.010000000000000009,44.926,20.845999999999997,0.30599999999999994,0,0
2026-06-26 07:20:45.338230+00:00,branch-a,hub1-branch-a,steady_state,46.08,20.64,2.13,0.39,0,0,0,0.114,22.28,-1.3299999999999983,-0.6100000000000003,0.08000000000000002,44.886,21.056,0.33399999999999996,0,0
2026-06-26 07:21:15.338230+00:00,dc-core,hub1-dc-core,steady_state,42.49,18.62,3.07,0.39,0,0,0,0.109,19.9,-2.0199999999999996,0.94,0.0,44.518,20.461999999999996,0.32599999999999996,0,0
2026-06-26 07:21:45.338230+00:00,branch-a,hub1-branch-a,steady_state,42.64,18.02,2.46,0.31,0,0,0,0.072,18.8,-0.6000000000000014,-0.6099999999999999,-0.08000000000000002,43.778,20.066000000000003,0.344,0,0
2026-06-26 07:22:15.338230+00:00,dc-core,hub1-dc-core,steady_state,43.12,19.8,2.83,0.32,0,0,0,0.052,20.12,1.7800000000000011,0.3700000000000001,0.010000000000000009,43.594,19.81,0.344,0,0
2026-06-26 07:22:45.338230+00:00,branch-a,hub1-branch-a,steady_state,42.56,20.39,2.49,0.32,0,0,0,0.073,20.33,0.5899999999999999,-0.33999999999999986,0.0,43.378,19.494000000000003,0.346,0,0
2026-06-26 07:23:15.338230+00:00,dc-core,hub1-dc-core,steady_state,42.51,21.6,3.36,0.49,0,0,0,0.096,19.02,1.2100000000000009,0.8699999999999997,0.16999999999999998,42.664,19.686,0.366,0,0
2026-06-26 07:23:45.338230+00:00,branch-a,hub1-branch-a,steady_state,44.28,18.56,2.45,0.35,0,0,0,0.055,20.61,-3.0400000000000027,-0.9099999999999997,-0.14,43.022000000000006,19.674,0.358,0,0
2026-06-26 07:24:15.338230+00:00,dc-core,hub1-dc-core,steady_state,44.53,19.94,2.12,0.28,0,0,0,0.07,21.75,1.3800000000000026,-0.33000000000000007,-0.06999999999999995,43.4,20.058,0.352,0,0
2026-06-26 07:24:45.338230+00:00,branch-a,hub1-branch-a,steady_state,45.56,18.78,2.16,0.29,0,0,0,0.126,19.99,-1.1600000000000001,0.040000000000000036,0.009999999999999953,43.888,19.854,0.346,0,0
2026-06-26 07:25:15.338230+00:00,dc-core,hub1-dc-core,steady_state,45.72,21.22,2.49,0.3,0,0,0,0.115,23.16,2.4399999999999977,0.33000000000000007,0.010000000000000009,44.52,20.02,0.34199999999999997,0,0
2026-06-26 07:25:45.338230+00:00,branch-a,hub1-branch-a,steady_state,47.85,18.54,2.48,0.48,0,0,0,0.066,19.89,-2.6799999999999997,-0.010000000000000231,0.18,45.58800000000001,19.408,0.33999999999999997,0,0
2026-06-26 07:26:15.338230+00:00,dc-core,hub1-dc-core,steady_state,47.79,21.87,2.44,0.41,0,0,0,0.089,21.46,3.330000000000002,-0.040000000000000036,-0.07,46.290000000000006,20.07,0.352,0,0
